{"cameraMode":{"drawMode":0,"name":"Shaded","section":"Shading Mode"},"sceneLighting":false,"audioPlay":false,"sceneViewState":{"showFog":true,"showMaterialUpdate":false,"showSkybox":true,"showFlares":true,"showImageEffects":true,"showParticleSystems":true},"in2DMode":false,"pivot":{"x":24.402999877929689,"y":17.441226959228517,"z":23.486000061035158},"rotation":{"x":-0.07509053498506546,"y":-0.9208658933639526,"z":0.3117202818393707,"w":-0.22182808816432954},"size":2.846187114715576,"orthographic":false}