{"cameraMode":{"drawMode":0,"name":"Shaded","section":"Shading Mode"},"sceneLighting":true,"audioPlay":false,"sceneViewState":{"showFog":true,"showMaterialUpdate":false,"showSkybox":true,"showFlares":true,"showImageEffects":true,"showParticleSystems":true},"in2DMode":false,"pivot":{"x":46.49213790893555,"y":-75.45626831054688,"z":-73.48338317871094},"rotation":{"x":-0.07509053498506546,"y":-0.9208658933639526,"z":0.3117202818393707,"w":-0.22182808816432954},"size":164.28131103515626,"orthographic":false}